Workbook

Sheet Base de Datos
A1: MINISTERIO DE ECONOMÍA Y FINANZAS — PANAMÁ | Ejecución Presupuestaria 2022–2024 (Millones USD)
A2: Código | B2: Ministerio / Entidad | C2: Sector | D2: Aprobado 2022 | E2: Ejecutado 2022 | F2: % Ejec. 2022 | G2: Aprobado 2023 | H2: Ejecutado 2023 | I2: % Ejec. 2023 | J2: Aprobado 2024 | K2: Ejecutado 2024 | L2: % Ejec. 2024 | M2: Var. Ejec. 22→24 | N2: Saldo No Ejec. 2024
A3: Ministerio de Educación | B3: Social | C3: MEDUCA | D3: 1850 | E3: 1720 | F3: =E3/D3 -> 0.92972973 | G3: 1980 | H3: 1890 | I3: =H3/G3 -> 0.95454545 | J3: 2120 | K3: 2050 | L3: =K3/J3 -> 0.96698113 | M3: =K3-E3 -> 330 | N3: =J3-K3 -> 70
A4: Caja de Seguro Social | B4: Social | C4: CSS | D4: 2200 | E4: 2150 | F4: =E4/D4 -> 0.97727273 | G4: 2350 | H4: 2290 | I4: =H4/G4 -> 0.97446809 | J4: 2520 | K4: 2460 | L4: =K4/J4 -> 0.97619048 | M4: =K4-E4 -> 310 | N4: =J4-K4 -> 60
A5: Ministerio de Salud | B5: Social | C5: MINSA | D5: 980 | E5: 940 | F5: =E5/D5 -> 0.95918367 | G5: 1050 | H5: 1010 | I5: =H5/G5 -> 0.96190476 | J5: 1150 | K5: 1095 | L5: =K5/J5 -> 0.95217391 | M5: =K5-E5 -> 155 | N5: =J5-K5 -> 55
A6: Ministerio de Vivienda | B6: Social | C6: MIVIOT | D6: 340 | E6: 298 | F6: =E6/D6 -> 0.87647059 | G6: 370 | H6: 335 | I6: =H6/G6 -> 0.90540541 | J6: 400 | K6: 368 | L6: =K6/J6 -> 0.92 | M6: =K6-E6 -> 70 | N6: =J6-K6 -> 32
A7: MOP | B7: Infraestructura | C7: MOP | D7: 750 | E7: 680 | F7: =E7/D7 -> 0.90666667 | G7: 820 | H7: 760 | I7: =H7/G7 -> 0.92682927 | J7: 910 | K7: 855 | L7: =K7/J7 -> 0.93956044 | M7: =K7-E7 -> 175 | N7: =J7-K7 -> 55
A8: Ministerio de Seguridad | B8: Seguridad | C8: MINSEG | D8: 520 | E8: 498 | F8: =E8/D8 -> 0.95769231 | G8: 560 | H8: 541 | I8: =H8/G8 -> 0.96607143 | J8: 590 | K8: 570 | L8: =K8/J8 -> 0.96610169 | M8: =K8-E8 -> 72 | N8: =J8-K8 -> 20
A9: Ministerio de Economía | B9: Económico | C9: MEF | D9: 420 | E9: 400 | F9: =E9/D9 -> 0.95238095 | G9: 450 | H9: 438 | I9: =H9/G9 -> 0.97333333 | J9: 490 | K9: 475 | L9: =K9/J9 -> 0.96938776 | M9: =K9-E9 -> 75 | N9: =J9-K9 -> 15
A10: Ministerio de Comercio | B10: Económico | C10: MICI | D10: 190 | E10: 178 | F10: =E10/D10 -> 0.93684211 | G10: 210 | H10: 198 | I10: =H10/G10 -> 0.94285714 | J10: 230 | K10: 219 | L10: =K10/J10 -> 0.95217391 | M10: =K10-E10 -> 41 | N10: =J10-K10 -> 11
A11: Ministerio de Agricultura | B11: Económico | C11: MIDA | D11: 280 | E11: 245 | F11: =E11/D11 -> 0.875 | G11: 300 | H11: 272 | I11: =H11/G11 -> 0.90666667 | J11: 320 | K11: 296 | L11: =K11/J11 -> 0.925 | M11: =K11-E11 -> 51 | N11: =J11-K11 -> 24
A12: Ministerio de Ambiente | B12: Económico | C12: MiAMBIENTE | D12: 120 | E12: 108 | F12: =E12/D12 -> 0.9 | G12: 135 | H12: 122 | I12: =H12/G12 -> 0.9037037 | J12: 148 | K12: 135 | L12: =K12/J12 -> 0.91216216 | M12: =K12-E12 -> 27 | N12: =J12-K12 -> 13
A13: TOTAL | B13: TOTAL GENERAL | D13: =SUM(D3:D12) -> 7650 | E13: =SUM(E3:E12) -> 7217 | F13: =E13/D13 -> 0.94339869 | G13: =SUM(G3:G12) -> 8225 | H13: =SUM(H3:H12) -> 7856 | I13: =H13/G13 -> 0.95513678 | J13: =SUM(J3:J12) -> 8878 | K13: =SUM(K3:K12) -> 8523 | L13: =K13/J13 -> 0.96001352 | M13: =SUM(M3:M12) -> 1306 | N13: =SUM(N3:N12) -> 355

Sheet Tabla Dinámica
A1: TABLA DINÁMICA — Ejecución por Sector y Año | Valores en Millones USD
A2: Actualizar datos en hoja 'Base de Datos' — Esta tabla se recalcula automáticamente con fórmulas
A3: Sector | B3: Entidad | C3: Aprobado 2022 | D3: Ejecutado 2022 | E3: % 2022 | F3: Aprobado 2023 | G3: Ejecutado 2023 | H3: % 2023 | I3: Aprobado 2024 | J3: Ejecutado 2024
A4: ='Base de Datos'!C3 -> MEDUCA | B4: ='Base de Datos'!B3 -> Social | C4: ='Base de Datos'!D3 -> 1850 | D4: ='Base de Datos'!E3 -> 1720 | E4: =D4/C4 -> 0.92972973 | F4: ='Base de Datos'!G3 -> 1980 | G4: ='Base de Datos'!H3 -> 1890 | H4: =G4/F4 -> 0.95454545 | I4: ='Base de Datos'!J3 -> 2120 | J4: ='Base de Datos'!K3 -> 2050
A5: ='Base de Datos'!C4 -> CSS | B5: ='Base de Datos'!B4 -> Social | C5: ='Base de Datos'!D4 -> 2200 | D5: ='Base de Datos'!E4 -> 2150 | E5: =D5/C5 -> 0.97727273 | F5: ='Base de Datos'!G4 -> 2350 | G5: ='Base de Datos'!H4 -> 2290 | H5: =G5/F5 -> 0.97446809 | I5: ='Base de Datos'!J4 -> 2520 | J5: ='Base de Datos'!K4 -> 2460
A6: ='Base de Datos'!C5 -> MINSA | B6: ='Base de Datos'!B5 -> Social | C6: ='Base de Datos'!D5 -> 980 | D6: ='Base de Datos'!E5 -> 940 | E6: =D6/C6 -> 0.95918367 | F6: ='Base de Datos'!G5 -> 1050 | G6: ='Base de Datos'!H5 -> 1010 | H6: =G6/F6 -> 0.96190476 | I6: ='Base de Datos'!J5 -> 1150 | J6: ='Base de Datos'!K5 -> 1095
A7: ='Base de Datos'!C6 -> MIVIOT | B7: ='Base de Datos'!B6 -> Social | C7: ='Base de Datos'!D6 -> 340 | D7: ='Base de Datos'!E6 -> 298 | E7: =D7/C7 -> 0.87647059 | F7: ='Base de Datos'!G6 -> 370 | G7: ='Base de Datos'!H6 -> 335 | H7: =G7/F7 -> 0.90540541 | I7: ='Base de Datos'!J6 -> 400 | J7: ='Base de Datos'!K6 -> 368
A8: ='Base de Datos'!C7 -> MOP | B8: ='Base de Datos'!B7 -> Infraestructura | C8: ='Base de Datos'!D7 -> 750 | D8: ='Base de Datos'!E7 -> 680 | E8: =D8/C8 -> 0.90666667 | F8: ='Base de Datos'!G7 -> 820 | G8: ='Base de Datos'!H7 -> 760 | H8: =G8/F8 -> 0.92682927 | I8: ='Base de Datos'!J7 -> 910 | J8: ='Base de Datos'!K7 -> 855
A9: ='Base de Datos'!C8 -> MINSEG | B9: ='Base de Datos'!B8 -> Seguridad | C9: ='Base de Datos'!D8 -> 520 | D9: ='Base de Datos'!E8 -> 498 | E9: =D9/C9 -> 0.95769231 | F9: ='Base de Datos'!G8 -> 560 | G9: ='Base de Datos'!H8 -> 541 | H9: =G9/F9 -> 0.96607143 | I9: ='Base de Datos'!J8 -> 590 | J9: ='Base de Datos'!K8 -> 570
A10: ='Base de Datos'!C9 -> MEF | B10: ='Base de Datos'!B9 -> Económico | C10: ='Base de Datos'!D9 -> 420 | D10: ='Base de Datos'!E9 -> 400 | E10: =D10/C10 -> 0.95238095 | F10: ='Base de Datos'!G9 -> 450 | G10: ='Base de Datos'!H9 -> 438 | H10: =G10/F10 -> 0.97333333 | I10: ='Base de Datos'!J9 -> 490 | J10: ='Base de Datos'!K9 -> 475
A11: ='Base de Datos'!C10 -> MICI | B11: ='Base de Datos'!B10 -> Económico | C11: ='Base de Datos'!D10 -> 190 | D11: ='Base de Datos'!E10 -> 178 | E11: =D11/C11 -> 0.93684211 | F11: ='Base de Datos'!G10 -> 210 | G11: ='Base de Datos'!H10 -> 198 | H11: =G11/F11 -> 0.94285714 | I11: ='Base de Datos'!J10 -> 230 | J11: ='Base de Datos'!K10 -> 219
A12: ='Base de Datos'!C11 -> MIDA | B12: ='Base de Datos'!B11 -> Económico | C12: ='Base de Datos'!D11 -> 280 | D12: ='Base de Datos'!E11 -> 245 | E12: =D12/C12 -> 0.875 | F12: ='Base de Datos'!G11 -> 300 | G12: ='Base de Datos'!H11 -> 272 | H12: =G12/F12 -> 0.90666667 | I12: ='Base de Datos'!J11 -> 320 | J12: ='Base de Datos'!K11 -> 296
A13: ='Base de Datos'!C12 -> MiAMBIENTE | B13: ='Base de Datos'!B12 -> Económico | C13: ='Base de Datos'!D12 -> 120 | D13: ='Base de Datos'!E12 -> 108 | E13: =D13/C13 -> 0.9 | F13: ='Base de Datos'!G12 -> 135 | G13: ='Base de Datos'!H12 -> 122 | H13: =G13/F13 -> 0.9037037 | I13: ='Base de Datos'!J12 -> 148 | J13: ='Base de Datos'!K12 -> 135
A14: TOTAL GENERAL | B14: Todas las entidades | C14: =SUM(C4:C13) -> 7650 | D14: =SUM(D4:D13) -> 7217 | E14: =D14/C14 -> 0.94339869 | F14: =SUM(F4:F13) -> 8225 | G14: =SUM(G4:G13) -> 7856 | H14: =G14/F14 -> 0.95513678 | I14: =SUM(I4:I13) -> 8878 | J14: =SUM(J4:J13) -> 8523

Sheet Dashboard KPIs
A1: DASHBOARD EJECUTIVO — Indicadores de Ejecución Presupuestaria
A2: Ministerio de Economía y Finanzas de Panamá • Período 2022–2024 • Millones USD
A4: PRESUPUESTO TOTAL 2024 | E4: MONTO EJECUTADO 2024 | I4: % EJECUCIÓN 2024
A5: ='Base de Datos'!K13 -> 8523 | E5: ='Base de Datos'!L13 -> 0.96001352 | I5: ='Base de Datos'!L13/'Base de Datos'!K13 -> 0.00011263798
A6: Millones USD | E6: Millones USD | I6: Del presupuesto
A9: RESUMEN DE EJECUCIÓN POR AÑO
A10: Año | B10: Presupuesto Aprobado | C10: Monto Ejecutado | D10: % Ejecución | E10: Variación vs Año Anterior
A11: 2022 | B11: =SUM('Base de Datos'!D3:D12) -> 7650 | C11: =SUM('Base de Datos'!E3:E12) -> 7217 | D11: =C11/B11 -> 0.94339869 | E11: "-"
A12: 2023 | B12: =SUM('Base de Datos'!G3:G12) -> 8225 | C12: =SUM('Base de Datos'!H3:H12) -> 7856 | D12: =C12/B12 -> 0.95513678 | E12: =(C12-C11)/C11 -> 0.088540945
A13: 2024 | B13: =SUM('Base de Datos'!J3:J12) -> 8878 | C13: =SUM('Base de Datos'!K3:K12) -> 8523 | D13: =C13/B13 -> 0.96001352 | E13: =(C13-C12)/C12 -> 0.084903259
A15: Fuente: Sistema Integrado de Administración Financiera (SIAF) — MEF Panamá | Preparado para migración a Power BI

Sheet Export_PowerBI
A1: TABLA PLANA — Lista para importar en Power BI / SQL Server
A2: id_registro | B2: codigo_entidad | C2: nombre_entidad | D2: sector | E2: anio_fiscal | F2: presupuesto_aprobado | G2: monto_ejecutado | H2: pct_ejecucion | I2: variacion_anual | J2: saldo_no_ejecutado
A3: 1 | B3: ='Base de Datos'!A3 -> Ministerio de Educación | C3: ='Base de Datos'!B3 -> Social | D3: ='Base de Datos'!C3 -> MEDUCA | E3: 2022 | F3: ='Base de Datos'!D3 -> 1850 | G3: ='Base de Datos'!E3 -> 1720 | H3: =G3/F3 -> 0.92972973 | I3: N/A | J3: =F3-G3 -> 130
A4: 2 | B4: ='Base de Datos'!A3 -> Ministerio de Educación | C4: ='Base de Datos'!B3 -> Social | D4: ='Base de Datos'!C3 -> MEDUCA | E4: 2023 | F4: ='Base de Datos'!G3 -> 1980 | G4: ='Base de Datos'!H3 -> 1890 | H4: =G4/F4 -> 0.95454545 | I4: =(G4-G3)/G3 -> 0.098837209 | J4: =F4-G4 -> 90
A5: 3 | B5: ='Base de Datos'!A3 -> Ministerio de Educación | C5: ='Base de Datos'!B3 -> Social | D5: ='Base de Datos'!C3 -> MEDUCA | E5: 2024 | F5: ='Base de Datos'!J3 -> 2120 | G5: ='Base de Datos'!K3 -> 2050 | H5: =G5/F5 -> 0.96698113 | I5: =(G5-G4)/G4 -> 0.084656085 | J5: =F5-G5 -> 70
A6: 4 | B6: ='Base de Datos'!A4 -> Caja de Seguro Social | C6: ='Base de Datos'!B4 -> Social | D6: ='Base de Datos'!C4 -> CSS | E6: 2022 | F6: ='Base de Datos'!D4 -> 2200 | G6: ='Base de Datos'!E4 -> 2150 | H6: =G6/F6 -> 0.97727273 | I6: N/A | J6: =F6-G6 -> 50
A7: 5 | B7: ='Base de Datos'!A4 -> Caja de Seguro Social | C7: ='Base de Datos'!B4 -> Social | D7: ='Base de Datos'!C4 -> CSS | E7: 2023 | F7: ='Base de Datos'!G4 -> 2350 | G7: ='Base de Datos'!H4 -> 2290 | H7: =G7/F7 -> 0.97446809 | I7: =(G7-G6)/G6 -> 0.065116279 | J7: =F7-G7 -> 60
A8: 6 | B8: ='Base de Datos'!A4 -> Caja de Seguro Social | C8: ='Base de Datos'!B4 -> Social | D8: ='Base de Datos'!C4 -> CSS | E8: 2024 | F8: ='Base de Datos'!J4 -> 2520 | G8: ='Base de Datos'!K4 -> 2460 | H8: =G8/F8 -> 0.97619048 | I8: =(G8-G7)/G7 -> 0.074235808 | J8: =F8-G8 -> 60
A9: 7 | B9: ='Base de Datos'!A5 -> Ministerio de Salud | C9: ='Base de Datos'!B5 -> Social | D9: ='Base de Datos'!C5 -> MINSA | E9: 2022 | F9: ='Base de Datos'!D5 -> 980 | G9: ='Base de Datos'!E5 -> 940 | H9: =G9/F9 -> 0.95918367 | I9: N/A | J9: =F9-G9 -> 40
A10: 8 | B10: ='Base de Datos'!A5 -> Ministerio de Salud | C10: ='Base de Datos'!B5 -> Social | D10: ='Base de Datos'!C5 -> MINSA | E10: 2023 | F10: ='Base de Datos'!G5 -> 1050 | G10: ='Base de Datos'!H5 -> 1010 | H10: =G10/F10 -> 0.96190476 | I10: =(G10-G9)/G9 -> 0.074468085 | J10: =F10-G10 -> 40
A11: 9 | B11: ='Base de Datos'!A5 -> Ministerio de Salud | C11: ='Base de Datos'!B5 -> Social | D11: ='Base de Datos'!C5 -> MINSA | E11: 2024 | F11: ='Base de Datos'!J5 -> 1150 | G11: ='Base de Datos'!K5 -> 1095 | H11: =G11/F11 -> 0.95217391 | I11: =(G11-G10)/G10 -> 0.084158416 | J11: =F11-G11 -> 55
A12: 10 | B12: ='Base de Datos'!A6 -> Ministerio de Vivienda | C12: ='Base de Datos'!B6 -> Social | D12: ='Base de Datos'!C6 -> MIVIOT | E12: 2022 | F12: ='Base de Datos'!D6 -> 340 | G12: ='Base de Datos'!E6 -> 298 | H12: =G12/F12 -> 0.87647059 | I12: N/A | J12: =F12-G12 -> 42
A13: 11 | B13: ='Base de Datos'!A6 -> Ministerio de Vivienda | C13: ='Base de Datos'!B6 -> Social | D13: ='Base de Datos'!C6 -> MIVIOT | E13: 2023 | F13: ='Base de Datos'!G6 -> 370 | G13: ='Base de Datos'!H6 -> 335 | H13: =G13/F13 -> 0.90540541 | I13: =(G13-G12)/G12 -> 0.12416107 | J13: =F13-G13 -> 35
A14: 12 | B14: ='Base de Datos'!A6 -> Ministerio de Vivienda | C14: ='Base de Datos'!B6 -> Social | D14: ='Base de Datos'!C6 -> MIVIOT | E14: 2024 | F14: ='Base de Datos'!J6 -> 400 | G14: ='Base de Datos'!K6 -> 368 | H14: =G14/F14 -> 0.92 | I14: =(G14-G13)/G13 -> 0.098507463 | J14: =F14-G14 -> 32
A15: 13 | B15: ='Base de Datos'!A7 -> MOP | C15: ='Base de Datos'!B7 -> Infraestructura | D15: ='Base de Datos'!C7 -> MOP | E15: 2022 | F15: ='Base de Datos'!D7 -> 750 | G15: ='Base de Datos'!E7 -> 680 | H15: =G15/F15 -> 0.90666667 | I15: N/A | J15: =F15-G15 -> 70
A16: 14 | B16: ='Base de Datos'!A7 -> MOP | C16: ='Base de Datos'!B7 -> Infraestructura | D16: ='Base de Datos'!C7 -> MOP | E16: 2023 | F16: ='Base de Datos'!G7 -> 820 | G16: ='Base de Datos'!H7 -> 760 | H16: =G16/F16 -> 0.92682927 | I16: =(G16-G15)/G15 -> 0.11764706 | J16: =F16-G16 -> 60
A17: 15 | B17: ='Base de Datos'!A7 -> MOP | C17: ='Base de Datos'!B7 -> Infraestructura | D17: ='Base de Datos'!C7 -> MOP | E17: 2024 | F17: ='Base de Datos'!J7 -> 910 | G17: ='Base de Datos'!K7 -> 855 | H17: =G17/F17 -> 0.93956044 | I17: =(G17-G16)/G16 -> 0.125 | J17: =F17-G17 -> 55
A18: 16 | B18: ='Base de Datos'!A8 -> Ministerio de Seguridad | C18: ='Base de Datos'!B8 -> Seguridad | D18: ='Base de Datos'!C8 -> MINSEG | E18: 2022 | F18: ='Base de Datos'!D8 -> 520 | G18: ='Base de Datos'!E8 -> 498 | H18: =G18/F18 -> 0.95769231 | I18: N/A | J18: =F18-G18 -> 22
A19: 17 | B19: ='Base de Datos'!A8 -> Ministerio de Seguridad | C19: ='Base de Datos'!B8 -> Seguridad | D19: ='Base de Datos'!C8 -> MINSEG | E19: 2023 | F19: ='Base de Datos'!G8 -> 560 | G19: ='Base de Datos'!H8 -> 541 | H19: =G19/F19 -> 0.96607143 | I19: =(G19-G18)/G18 -> 0.086345382 | J19: =F19-G19 -> 19
A20: 18 | B20: ='Base de Datos'!A8 -> Ministerio de Seguridad | C20: ='Base de Datos'!B8 -> Seguridad | D20: ='Base de Datos'!C8 -> MINSEG | E20: 2024 | F20: ='Base de Datos'!J8 -> 590 | G20: ='Base de Datos'!K8 -> 570 | H20: =G20/F20 -> 0.96610169 | I20: =(G20-G19)/G19 -> 0.053604436 | J20: =F20-G20 -> 20
A21: 19 | B21: ='Base de Datos'!A9 -> Ministerio de Economía | C21: ='Base de Datos'!B9 -> Económico | D21: ='Base de Datos'!C9 -> MEF | E21: 2022 | F21: ='Base de Datos'!D9 -> 420 | G21: ='Base de Datos'!E9 -> 400 | H21: =G21/F21 -> 0.95238095 | I21: N/A | J21: =F21-G21 -> 20
A22: 20 | B22: ='Base de Datos'!A9 -> Ministerio de Economía | C22: ='Base de Datos'!B9 -> Económico | D22: ='Base de Datos'!C9 -> MEF | E22: 2023 | F22: ='Base de Datos'!G9 -> 450 | G22: ='Base de Datos'!H9 -> 438 | H22: =G22/F22 -> 0.97333333 | I22: =(G22-G21)/G21 -> 0.095 | J22: =F22-G22 -> 12
A23: 21 | B23: ='Base de Datos'!A9 -> Ministerio de Economía | C23: ='Base de Datos'!B9 -> Económico | D23: ='Base de Datos'!C9 -> MEF | E23: 2024 | F23: ='Base de Datos'!J9 -> 490 | G23: ='Base de Datos'!K9 -> 475 | H23: =G23/F23 -> 0.96938776 | I23: =(G23-G22)/G22 -> 0.084474886 | J23: =F23-G23 -> 15
A24: 22 | B24: ='Base de Datos'!A10 -> Ministerio de Comercio | C24: ='Base de Datos'!B10 -> Económico | D24: ='Base de Datos'!C10 -> MICI | E24: 2022 | F24: ='Base de Datos'!D10 -> 190 | G24: ='Base de Datos'!E10 -> 178 | H24: =G24/F24 -> 0.93684211 | I24: N/A | J24: =F24-G24 -> 12
A25: 23 | B25: ='Base de Datos'!A10 -> Ministerio de Comercio | C25: ='Base de Datos'!B10 -> Económico | D25: ='Base de Datos'!C10 -> MICI | E25: 2023 | F25: ='Base de Datos'!G10 -> 210 | G25: ='Base de Datos'!H10 -> 198 | H25: =G25/F25 -> 0.94285714 | I25: =(G25-G24)/G24 -> 0.11235955 | J25: =F25-G25 -> 12
A26: 24 | B26: ='Base de Datos'!A10 -> Ministerio de Comercio | C26: ='Base de Datos'!B10 -> Económico | D26: ='Base de Datos'!C10 -> MICI | E26: 2024 | F26: ='Base de Datos'!J10 -> 230 | G26: ='Base de Datos'!K10 -> 219 | H26: =G26/F26 -> 0.95217391 | I26: =(G26-G25)/G25 -> 0.10606061 | J26: =F26-G26 -> 11
A27: 25 | B27: ='Base de Datos'!A11 -> Ministerio de Agricultura | C27: ='Base de Datos'!B11 -> Económico | D27: ='Base de Datos'!C11 -> MIDA | E27: 2022 | F27: ='Base de Datos'!D11 -> 280 | G27: ='Base de Datos'!E11 -> 245 | H27: =G27/F27 -> 0.875 | I27: N/A | J27: =F27-G27 -> 35
A28: 26 | B28: ='Base de Datos'!A11 -> Ministerio de Agricultura | C28: ='Base de Datos'!B11 -> Económico | D28: ='Base de Datos'!C11 -> MIDA | E28: 2023 | F28: ='Base de Datos'!G11 -> 300 | G28: ='Base de Datos'!H11 -> 272 | H28: =G28/F28 -> 0.90666667 | I28: =(G28-G27)/G27 -> 0.11020408 | J28: =F28-G28 -> 28
A29: 27 | B29: ='Base de Datos'!A11 -> Ministerio de Agricultura | C29: ='Base de Datos'!B11 -> Económico | D29: ='Base de Datos'!C11 -> MIDA | E29: 2024 | F29: ='Base de Datos'!J11 -> 320 | G29: ='Base de Datos'!K11 -> 296 | H29: =G29/F29 -> 0.925 | I29: =(G29-G28)/G28 -> 0.088235294 | J29: =F29-G29 -> 24
A30: 28 | B30: ='Base de Datos'!A12 -> Ministerio de Ambiente | C30: ='Base de Datos'!B12 -> Económico | D30: ='Base de Datos'!C12 -> MiAMBIENTE | E30: 2022 | F30: ='Base de Datos'!D12 -> 120 | G30: ='Base de Datos'!E12 -> 108 | H30: =G30/F30 -> 0.9 | I30: N/A | J30: =F30-G30 -> 12
A31: 29 | B31: ='Base de Datos'!A12 -> Ministerio de Ambiente | C31: ='Base de Datos'!B12 -> Económico | D31: ='Base de Datos'!C12 -> MiAMBIENTE | E31: 2023 | F31: ='Base de Datos'!G12 -> 135 | G31: ='Base de Datos'!H12 -> 122 | H31: =G31/F31 -> 0.9037037 | I31: =(G31-G30)/G30 -> 0.12962963 | J31: =F31-G31 -> 13
A32: 30 | B32: ='Base de Datos'!A12 -> Ministerio de Ambiente | C32: ='Base de Datos'!B12 -> Económico | D32: ='Base de Datos'!C12 -> MiAMBIENTE | E32: 2024 | F32: ='Base de Datos'!J12 -> 148 | G32: ='Base de Datos'!K12 -> 135 | H32: =G32/F32 -> 0.91216216 | I32: =(G32-G31)/G31 -> 0.10655738 | J32: =F32-G32 -> 13

Sheet Guía de Uso
A1: GUÍA DE USO — Demo BI · Ministerio de Economía y Finanzas de Panamá
A4: 📊 | B4: HOJA 1: Base de Datos
B5: → Ingrese o actualice los valores de Presupuesto Aprobado y Ejecutado aquí.
B6: → Todas las demás hojas se actualizan automáticamente con fórmulas.
B7: → El mapa de color en % Ejecución va de rojo (< 65%) a verde (≥ 95%).
A9: 📋 | B9: HOJA 2: Tabla Dinámica
B10: → Vista resumida vinculada a Base de Datos. Perfecta para reportes gerenciales.
B11: → Puede agregar segmentadores (slicers) de Excel sobre esta tabla.
A13: 📈 | B13: HOJA 3: Dashboard KPIs
B14: → Indicadores ejecutivos con totales por año y variación interanual.
B15: → Diseñado para presentaciones a alta dirección.
A17: 🔄 | B17: HOJA 4: Export_PowerBI
B18: → Tabla plana (tidy/long format) lista para importar directamente en Power BI.
B19: → También puede exportarse como CSV y cargar en SQL Server con BULK INSERT.
B20: → Cada fila representa UNA entidad + UN año fiscal (formato normalizado).
A22: 🗄️ | B22: PRÓXIMO PASO — Migración a SQL Server + Power BI
B23: → Fase 1: Cargar Export_PowerBI en tabla SQL Server (FACT_PRESUPUESTO).
B24: → Fase 2: Conectar Power BI Desktop con DirectQuery o Import Mode.
B25: → Fase 3: Crear medidas DAX para % ejecución, variación YoY, ranking.
B26: → Fase 4: Publicar en Power BI Service con actualización diaria automática.
